total_steps,eval_return
75044,9.399999618530273
161074,8.5
252042,9.399999618530273
344052,10.5
434627,12.0
521727,13.0
613983,9.399999618530273
706428,19.799999237060547
808866,11.399999618530273
904436,14.699999809265137
999878,22.5
1093769,19.700000762939453
1185205,11.5
1277147,19.600000381469727
1373112,18.100000381469727
1466104,17.0
1556911,27.700000762939453
1649958,30.200000762939453
1738157,14.5
1837333,40.599998474121094
1943853,20.0
